<?xml version="1.0" encoding="UTF-8" ?>
<!DOCTYPE log4j:configuration SYSTEM "log4j.dtd">
<log4j:configuration xmlns:log4j='http://jakarta.apache.org/log4j/'>
    <appender name="CONSOLE" class="org.apache.log4j.ConsoleAppender">
        <layout class="org.apache.log4j.PatternLayout">
            <param name="ConversionPattern" value="%d %t %5p [%c:%M] - %m%n" />
        </layout>
    </appender>

    <appender name="File" class="org.apache.log4j.DailyRollingFileAppender">
        <param name="encoding" value="utf-8" />
        <param name="File" value="/export/Logs/esm.jd.local/es.log" />
        <layout class="org.apache.log4j.PatternLayout">
            <param name="ConversionPattern" value="%d %t %5p [%c:%M] - %m%n" />
        </layout>
    </appender>

    <root>
        <level value="info" />
        <appender-ref ref="File" />
        <appender-ref ref="CONSOLE" />
    </root>
<!-- 
#/cluster/upName  更新集群名字
 -->
</log4j:configuration>